{
  "training_timestamp": "20251113_103933",
  "dataset_info": {
    "resume_samples": 962,
    "job_postings": 500,
    "skills_database": 15,
    "ner_samples": 100
  },
  "model_performance": {
    "resume_classifier": {
      "best_model": "RandomForest",
      "model_comparison": {
        "RandomForest": {
          "accuracy": 0.9948186528497409,
          "precision": 0.9956822107081176,
          "recall": 0.9948186528497409,
          "f1_score": 0.9949308032209586,
          "training_time": 0.1667499542236328
        },
        "LogisticRegression": {
          "accuracy": 0.9740932642487047,
          "precision": 0.9780257738806961,
          "recall": 0.9740932642487047,
          "f1_score": 0.9717421082205011,
          "training_time": 0.08292913436889648
        },
        "SVM": {
          "accuracy": 0.9948186528497409,
          "precision": 0.9956822107081176,
          "recall": 0.9948186528497409,
          "f1_score": 0.9949308032209586,
          "training_time": 0.05614185333251953
        }
      },
      "classification_report": {
        "Advocate": {
          "precision": 1.0,
          "recall": 1.0,
          "f1-score": 1.0,
          "support": 4.0
        },
        "Arts": {
          "precision": 1.0,
          "recall": 1.0,
          "f1-score": 1.0,
          "support": 7.0
        },
        "Automation Testing": {
          "precision": 0.8333333333333334,
          "recall": 1.0,
          "f1-score": 0.9090909090909091,
          "support": 5.0
        },
        "Blockchain": {
          "precision": 1.0,
          "recall": 1.0,
          "f1-score": 1.0,
          "support": 8.0
        },
        "Business Analyst": {
          "precision": 1.0,
          "recall": 1.0,
          "f1-score": 1.0,
          "support": 6.0
        },
        "Civil Engineer": {
          "precision": 1.0,
          "recall": 1.0,
          "f1-score": 1.0,
          "support": 5.0
        },
        "Data Science": {
          "precision": 1.0,
          "recall": 1.0,
          "f1-score": 1.0,
          "support": 8.0
        },
        "Database": {
          "precision": 1.0,
          "recall": 1.0,
          "f1-score": 1.0,
          "support": 7.0
        },
        "DevOps Engineer": {
          "precision": 1.0,
          "recall": 0.9090909090909091,
          "f1-score": 0.9523809523809523,
          "support": 11.0
        },
        "DotNet Developer": {
          "precision": 1.0,
          "recall": 1.0,
          "f1-score": 1.0,
          "support": 5.0
        },
        "ETL Developer": {
          "precision": 1.0,
          "recall": 1.0,
          "f1-score": 1.0,
          "support": 8.0
        },
        "Electrical Engineering": {
          "precision": 1.0,
          "recall": 1.0,
          "f1-score": 1.0,
          "support": 6.0
        },
        "HR": {
          "precision": 1.0,
          "recall": 1.0,
          "f1-score": 1.0,
          "support": 9.0
        },
        "Hadoop": {
          "precision": 1.0,
          "recall": 1.0,
          "f1-score": 1.0,
          "support": 8.0
        },
        "Health and fitness": {
          "precision": 1.0,
          "recall": 1.0,
          "f1-score": 1.0,
          "support": 6.0
        },
        "Java Developer": {
          "precision": 1.0,
          "recall": 1.0,
          "f1-score": 1.0,
          "support": 17.0
        },
        "Mechanical Engineer": {
          "precision": 1.0,
          "recall": 1.0,
          "f1-score": 1.0,
          "support": 8.0
        },
        "Network Security Engineer": {
          "precision": 1.0,
          "recall": 1.0,
          "f1-score": 1.0,
          "support": 5.0
        },
        "Operations Manager": {
          "precision": 1.0,
          "recall": 1.0,
          "f1-score": 1.0,
          "support": 8.0
        },
        "PMO": {
          "precision": 1.0,
          "recall": 1.0,
          "f1-score": 1.0,
          "support": 6.0
        },
        "Python Developer": {
          "precision": 1.0,
          "recall": 1.0,
          "f1-score": 1.0,
          "support": 10.0
        },
        "SAP Developer": {
          "precision": 1.0,
          "recall": 1.0,
          "f1-score": 1.0,
          "support": 5.0
        },
        "Sales": {
          "precision": 1.0,
          "recall": 1.0,
          "f1-score": 1.0,
          "support": 8.0
        },
        "Testing": {
          "precision": 1.0,
          "recall": 1.0,
          "f1-score": 1.0,
          "support": 14.0
        },
        "Web Designing": {
          "precision": 1.0,
          "recall": 1.0,
          "f1-score": 1.0,
          "support": 9.0
        },
        "accuracy": 0.9948186528497409,
        "macro avg": {
          "precision": 0.9933333333333334,
          "recall": 0.9963636363636365,
          "f1-score": 0.9944588744588745,
          "support": 193.0
        },
        "weighted avg": {
          "precision": 0.9956822107081176,
          "recall": 0.9948186528497409,
          "f1-score": 0.9949308032209586,
          "support": 193.0
        }
      },
      "test_accuracy": 0.9948186528497409,
      "categories": [
        "Data Science",
        "HR",
        "Advocate",
        "Arts",
        "Web Designing",
        "Mechanical Engineer",
        "Sales",
        "Health and fitness",
        "Civil Engineer",
        "Java Developer",
        "Business Analyst",
        "SAP Developer",
        "Automation Testing",
        "Electrical Engineering",
        "Operations Manager",
        "Python Developer",
        "DevOps Engineer",
        "Network Security Engineer",
        "PMO",
        "Database",
        "Hadoop",
        "ETL Developer",
        "DotNet Developer",
        "Blockchain",
        "Testing"
      ],
      "dataset_size": 962
    },
    "skills_extractor": {
      "skills_trained": 9,
      "skill_metrics": {
        "Python": {
          "accuracy": 0.9689119170984456,
          "precision": 1.0,
          "recall": 0.8,
          "f1_score": 0.8888888888888888,
          "positive_samples": 176
        },
        "JavaScript": {
          "accuracy": 0.9844559585492227,
          "precision": 1.0,
          "recall": 0.8333333333333334,
          "f1_score": 0.9090909090909091,
          "positive_samples": 151
        },
        "React": {
          "accuracy": 0.9637305699481865,
          "precision": 0.0,
          "recall": 0.0,
          "f1_score": 0.0,
          "positive_samples": 24
        },
        "Node.js": {
          "accuracy": 0.9740932642487047,
          "precision": 0.0,
          "recall": 0.0,
          "f1_score": 0.0,
          "positive_samples": 13
        },
        "AWS": {
          "accuracy": 0.9533678756476683,
          "precision": 1.0,
          "recall": 0.5,
          "f1_score": 0.6666666666666666,
          "positive_samples": 77
        },
        "Docker": {
          "accuracy": 0.9740932642487047,
          "precision": 0.0,
          "recall": 0.0,
          "f1_score": 0.0,
          "positive_samples": 12
        },
        "Java": {
          "accuracy": 0.9637305699481865,
          "precision": 0.9787234042553191,
          "recall": 0.8846153846153846,
          "f1_score": 0.9292929292929293,
          "positive_samples": 327
        },
        "Spring Boot": {
          "accuracy": 0.9948186528497409,
          "precision": 0.0,
          "recall": 0.0,
          "f1_score": 0.0,
          "positive_samples": 6
        },
        "MySQL": {
          "accuracy": 1.0,
          "precision": 1.0,
          "recall": 1.0,
          "f1_score": 1.0,
          "positive_samples": 225
        }
      },
      "average_accuracy": 0.97524467472654,
      "average_f1": 0.48821548821548827
    },
    "job_matcher": {
      "training_pairs": 5000,
      "accuracy": 1.0,
      "precision": 1.0,
      "recall": 1.0,
      "f1_score": 1.0,
      "good_matches": 2050,